policy_name,model_id,rule_family,inflation_coeff,output_coeff,lagged_rate_coeff,total_discounted_loss,mean_period_loss,total_discounted_revealed_loss,mean_period_revealed_loss,mean_sq_inflation_gap,mean_sq_output_gap,mean_sq_rate_change,mean_policy_rate,std_policy_rate,solver_status,improvement_vs_G7_TAY93_baseline_pct,improvement_vs_G7_TAY93_baseline_revealed_pct
td3_benchmark_transfer,G7_TAY93,benchmark_transfer,0.968164929181,1.178277175695,0.417105133444,14.323089166014,0.134621647078493,2438.40211906782,22.3511777928444,0.0043130168884455,0.0384377507902612,1.11089754794917,0.0385850878186103,0.957839277209985,ok,29.271093076445986,-35.20255360817621
sac_benchmark_transfer,G7_TAY93,benchmark_transfer,1.173557590574,1.021392382428,0.396672274455,14.780982422681,0.139034962368224,2515.38210970511,23.0650525950415,0.0043575949457485,0.0400817560960609,1.14636489374445,0.0396549456875566,0.971369773565968,ok,27.009968457563506,-39.47087802829849
sac_svar_direct,G7_TAY93,svar_direct,1.528632674699,0.572243175257,0.226215527375,16.9888361783942,0.159509630049506,3019.54163564607,27.8323638382293,0.0048188166014315,0.0325772642799163,1.38402181308116,0.0355475028407209,0.981560022953543,ok,16.10735652946112,-67.42510871079304
td3_svar_direct,G7_TAY93,svar_direct,1.59612453235,1.16730785948,-0.058737516184,19.1121098848807,0.17820378349584,3752.83090904125,34.9170313530152,0.0006270424485799,0.0075426214255031,1.73805430334508,0.0266263550955017,0.923844672202321,ok,5.62240969860187,-108.08394078825765
G7_TAY93_baseline,G7_TAY93,external_baseline,0.0,0.0,0.0,20.2506864435143,0.210251437020176,1803.51779903095,16.4314175865374,0.0294137618649996,0.2001107009756,0.80782324667377,0.053462636612477,1.06011022775655,ok,0.0,0.0
empirical_taylor_rule,G7_TAY93,empirical_rule,0.193172811483,0.265768574867,0.869199767248,5830.40277603899,52.8879460800618,8051.93949667817,73.5080813238457,52.3991722914395,0.774154186091202,1.01696695576679,3.14574125286456,5.89299741632005,ok,-28691.13649950516,-346.4574456101606
sac_svar_revealed_direct,G7_TAY93,svar_revealed_direct,0.067874143247,0.050975043408,0.930722986847,58863.102424226,544.581731441034,61027.1232446145,564.722470465937,544.47039025924,0.0212102402117823,1.00736061688359,13.5845801489961,17.0715049359409,ok,-290572.133946739,-3283.782698313543
