policy_name,model_id,rule_family,inflation_coeff,output_coeff,lagged_rate_coeff,total_discounted_loss,mean_period_loss,total_discounted_revealed_loss,mean_period_revealed_loss,mean_sq_inflation_gap,mean_sq_output_gap,mean_sq_rate_change,mean_policy_rate,std_policy_rate,solver_status,improvement_vs_US_RA07_baseline_pct,improvement_vs_US_RA07_baseline_revealed_pct
sac_svar_direct,US_RA07,svar_direct,1.528632674699,0.572243175257,0.226215527375,10012.7090979864,228.51703969407,39001.001783995,581.236234661796,214.700031796873,24.1967000496675,17.1865787236377,-2.38890669516639,15.617240998802,ok,86.55959793815609,52.074884302169636
td3_svar_direct,US_RA07,svar_direct,1.59612453235,1.16730785948,-0.058737516184,48465.0299182655,1371.57999649394,125174.429708256,2292.54197776797,1357.2647726531,19.4886074306497,45.7092012552392,-7.82705846788385,36.8000352618449,ok,34.94373184458339,-53.81653680085563
US_RA07_baseline,US_RA07,external_baseline,0.0,0.0,0.0,74497.0950416102,354.549202469554,81379.0456550961,420.814685670963,327.565279388438,53.5091107448364,2.29367708698559,-4.35187752123539,15.2801810500668,ok,0.0,0.0
sac_benchmark_transfer,US_RA07,benchmark_transfer,1.173557590574,1.021392382428,0.396672274455,125522.820803183,1032.379214218,177895.388068933,1565.62688217656,1019.25354210483,20.9952079579918,26.2806813417219,-6.20695690890399,32.0581003776343,ok,-68.49357781410468,-118.60097600910228
td3_benchmark_transfer,US_RA07,benchmark_transfer,0.968164929181,1.178277175695,0.417105133444,222092.412830704,2045.9381177859,291114.505791473,2677.57703303835,2035.55902020129,14.4925951216317,31.3280002379235,-17.8196422279853,42.5019119180394,ok,-198.12224584952577,-257.7266155532053
empirical_taylor_rule,US_RA07,empirical_rule,0.193172811483,0.265768574867,0.869199767248,278310.287425849,2766.40848938154,319809.932376368,3102.579235858,2754.52461279338,20.4818513572818,16.4295090950932,-25.3253100322825,46.1057675381272,ok,-273.58542272071065,-292.98805952062787
sac_svar_revealed_direct,US_RA07,svar_revealed_direct,0.0678741432465723,0.0509750434082332,0.9307229868470568,inf,inf,inf,inf,,,,,,failed,-inf,-inf
