equation,svar_mse,phase2_ann_mse,phase9_tuned_ann_mse,improvement_vs_phase2_pct,improvement_vs_svar_pct,inflation_gate,output_gate,dynamic_gate_reference,ann_best_feedback_loss
output_gap,0.2103908343560001,0.18223018976428865,0.2051861728189507,-12.597244772864036,2.473806215456432,False,False,6.837810673232525e-08,113.0051145876758
inflation,0.029540245040055074,0.043423618588566644,0.027753267553787125,36.087160729864856,6.0492981146395275,True,False,6.837810673232525e-08,113.0051145876758
