{
  "P": [
    [
      2.0426435378609855,
      0.2434376087623416,
      -0.10891005070444712
    ],
    [
      0.2434376087623416,
      0.9759875370785359,
      -0.1078438794380785
    ],
    [
      -0.10891005070444712,
      -0.1078438794380785,
      0.056594776164724754
    ]
  ],
  "F": [
    [
      -1.0891005070444726,
      -1.0784387943807843,
      -0.43405223835275225
    ]
  ],
  "K": [
    [
      1.0891005070444726,
      1.0784387943807843,
      0.43405223835275225
    ]
  ],
  "closed_loop_A": [
    [
      0.7128719594364422,
      0.11372489644953727,
      -0.03472417906822018
    ],
    [
      -0.08069206084533671,
      0.6505873446743059,
      -0.05208626860233027
    ],
    [
      1.0891005070444726,
      1.0784387943807843,
      0.43405223835275225
    ]
  ],
  "closed_loop_eigenvalues": [
    {
      "real": 0.6284802556903187,
      "imag": 0.0,
      "modulus": 0.6284802556903187
    },
    {
      "real": 0.5845156433865911,
      "imag": 0.2870419632370449,
      "modulus": 0.6511924646543582
    },
    {
      "real": 0.5845156433865911,
      "imag": -0.2870419632370449,
      "modulus": 0.6511924646543582
    }
  ],
  "stationary_covariance": [
    [
      0.06116198765007049,
      0.020763764198252353,
      0.1291978714964379
    ],
    [
      0.020763764198252373,
      0.3372305949512029,
      0.26826593775259533
    ],
    [
      0.12919787149643816,
      0.2682659377525953,
      1.0926973981302055
    ]
  ],
  "value_constant": 26.305552457238985,
  "zero_policy_discounted_loss": 20.26178899304753,
  "optimal_policy_discounted_loss": 10.096854153579365
}