{
  "name": "svar_inflation",
  "nobs": 78,
  "r2": 0.9517976799501647,
  "adj_r2": 0.9477242444529955,
  "mse": 0.029540245040055074,
  "rmse": 0.171872758283723,
  "coefficients": {
    "const": 0.12539877841331265,
    "output_gap": -0.06391470717558212,
    "output_gap_lag1": 0.20496642163710077,
    "output_gap_lag2": -0.10704486664814622,
    "inflation_lag1": 1.2921964402870065,
    "inflation_lag2": -0.3159204926958483,
    "policy_rate_lag1": -0.01636457058055551
  },
  "pvalues": {
    "const": 0.0910302276635017,
    "output_gap": 0.15155568829944543,
    "output_gap_lag1": 0.00216810371414019,
    "output_gap_lag2": 0.02278020369298522,
    "inflation_lag1": 3.9698102454037843e-19,
    "inflation_lag2": 0.005067513628397022,
    "policy_rate_lag1": 0.27436797472727137
  },
  "stderr": {
    "const": 0.07319351207941724,
    "output_gap": 0.04408937423389882,
    "output_gap_lag1": 0.06440720574690906,
    "output_gap_lag2": 0.045986464008262194,
    "inflation_lag1": 0.10575263535051543,
    "inflation_lag2": 0.109213446908961,
    "policy_rate_lag1": 0.01485564617527367
  },
  "residual_std": 0.17298521493477362
}