{
  "name": "svar_output_gap",
  "nobs": 78,
  "r2": 0.870186287262262,
  "adj_r2": 0.8630732071122489,
  "mse": 0.21039083435600012,
  "rmse": 0.4586838065116318,
  "coefficients": {
    "const": 0.3065682453995028,
    "output_gap_lag1": 0.9175557265964525,
    "inflation_lag1": -0.058218790266176844,
    "policy_rate_lag1": 0.20859506495064367,
    "policy_rate_lag2": -0.23749879628287732
  },
  "pvalues": {
    "const": 0.09942431756017284,
    "output_gap_lag1": 2.833529825292664e-23,
    "inflation_lag1": 0.49141994303788417,
    "policy_rate_lag1": 0.1767505606984075,
    "policy_rate_lag2": 0.08610919137275377
  },
  "stderr": {
    "const": 0.18369669200982452,
    "output_gap_lag1": 0.0630494056822615,
    "inflation_lag1": 0.08418719419091548,
    "policy_rate_lag1": 0.15292609021880885,
    "policy_rate_lag2": 0.13650947966678437
  },
  "residual_std": 0.4616526647319715
}