{
  "name": "taylor_rule",
  "nobs": 79,
  "r2": 0.9737657393764998,
  "adj_r2": 0.9727163689515598,
  "mse": 0.12239344944880864,
  "rmse": 0.34984775181328326,
  "coefficients": {
    "const": 0.09182797103539042,
    "inflation": 0.19317281148252752,
    "output_gap": 0.2657685748665041,
    "policy_rate_lag1": 0.8691997672478173
  },
  "pvalues": {
    "const": 0.5099103425552505,
    "inflation": 0.0017649957615690746,
    "output_gap": 2.0028676197252152e-10,
    "policy_rate_lag1": 1.6972756914433494e-49
  },
  "stderr": {
    "const": 0.13868339996766219,
    "inflation": 0.05956030959184626,
    "output_gap": 0.0361389783806015,
    "policy_rate_lag1": 0.023817041340851733
  },
  "residual_std": 0.35208322345237336
}