policy_name,evaluation_env,mean_discounted_loss,std_discounted_loss,mean_reward,mean_abs_action,clip_rate,explosion_rate
sac_ann_revealed_direct,ann_revealed,255.24118505647047,56.871227524270324,-429.6740044463947,3.2621938021853567,0.0,0.0
empirical_taylor_rule,ann_revealed,284.62827128745215,41.05717699738102,-486.06437085815287,3.8276706606595154,8.680555555555556e-05,0.0
td3_ann_revealed_direct,ann_revealed,315.6347977855864,58.15011007881885,-535.9802449958237,3.2143018991789885,0.0,0.0
ppo_ann_revealed_direct,ann_revealed,664.2385999141038,190.59865992698295,-1047.5610546388953,7.641037386883464,0.0,0.0
historical_actual_policy,ann_revealed,786.4085677929496,225.25196016926566,-1190.3033523308159,3.059722222222231,0.0,0.0
