evaluation_env,policy_name,total_discounted_loss,mean_period_loss,mean_sq_inflation_gap,mean_sq_output_gap,mean_sq_rate_change,mean_policy_rate,std_policy_rate,improvement_vs_actual_pct,improvement_vs_taylor_pct
ann,td3_ann_revealed_direct,186.2307215093846,3.3391428590739936,1.4676845188984098,1.1181507637453016,0.04408995576502702,5.082803738744635,0.9120822472149654,61.50441129904935,34.736528737989524
ann,sac_ann_revealed_direct,207.69904932490206,3.8010448066255558,2.827902887238118,0.9234494813709495,0.007912391847987974,5.027876110453355,0.35026394808674755,57.06671213220329,27.21307834228862
ann,empirical_taylor_rule,285.3521547478406,5.250908398916809,1.553884130497865,1.5407678542409413,0.11642754196782276,5.210691141447773,2.063861810161664,41.01510698625876,0.0
ann,historical_actual_policy,483.77158992449876,9.279744615061048,1.5589825245690836,3.5172053017490263,0.22999619883040937,4.754122807017544,2.1916919132248323,0.0,-69.53493494801084
ann,ppo_ann_revealed_direct,484.7600697994248,9.039907728700788,1.606594130175141,6.939823822501251,0.0654392194842384,9.650026459442941,0.12666066858123565,-0.20432780583091137,-69.88134196070696
