evaluation_env,policy_name,total_discounted_loss,mean_period_loss,mean_sq_inflation_gap,mean_sq_output_gap,mean_sq_rate_change,mean_policy_rate,std_policy_rate,improvement_vs_actual_pct,improvement_vs_taylor_pct
svar,sac_svar_revealed_direct,148.76018201722817,2.6800503207581245,1.312616870940791,1.1337116736090704,0.018312942851008193,6.696313811587049,0.5263919537237178,60.36966816654286,41.60259391195802
svar,empirical_taylor_rule,254.7376535748045,4.8223816407836315,0.6930877653362792,1.8834264042714681,0.12290696104128446,4.737120239482318,1.9952410332779866,32.13682851990195,0.0
svar,td3_svar_revealed_direct,320.30607783284825,5.670292502702131,2.9834691390136863,1.1898046992462705,0.08153913539822803,2.3334619054546604,0.9983354523890099,14.669127311777332,-25.739588685812155
svar,historical_actual_policy,375.36950899724803,6.712488741561593,0.7232809750336143,1.6024091350095793,0.22784271284271282,4.778917748917749,2.1880694875453632,0.0,-47.35532958303693
svar,ppo_svar_revealed_direct,388.4749722656421,7.445990386212991,5.43124000882661,1.2774846637578312,0.044229616386681936,9.586464708501643,0.20857433049084162,-3.4913499776270243,-52.50001984946652
