policy_name,evaluation_env,mean_discounted_loss,std_discounted_loss,mean_reward,mean_abs_action,clip_rate,explosion_rate
sac_svar_revealed_direct,svar_revealed,199.48636763461323,64.82178776746949,-349.99104133533746,2.970167208959659,0.0,0.0
empirical_taylor_rule,svar_revealed,259.71394020279877,84.03435300746247,-441.39368276427695,3.036253929007538,0.005989583333333334,0.0
td3_svar_revealed_direct,svar_revealed,441.62376573091734,115.53348642766328,-778.3064947828724,0.8722169968092607,0.0,0.0
historical_actual_policy,svar_revealed,581.3815820465475,192.11458184124854,-831.3816640245565,3.0715000000000106,0.0,0.0
ppo_svar_revealed_direct,svar_revealed,653.9759015869942,212.6721474251279,-1044.873712174386,7.642738685218824,0.0,0.0
