{
  "variant": "residual_u4_lr5e6",
  "name": "residual_u4_lr5e6",
  "clone_steps": 2400,
  "clone_lr": 0.0007,
  "jitter_scale": 0.2,
  "total_updates": 4,
  "policy_lr": 5e-06,
  "clip_ratio": 0.05,
  "clone_rmse": 2.3469061716241413e-07,
  "clone_loss_mean": 1.9439913128753022e-07,
  "clone_loss_last": 5.217354326347845e-14,
  "init_artificial_loss": 0.012595747732876257,
  "init_revealed_loss": 0.01595053115071933,
  "init_beats_fine05": true,
  "trained_artificial_loss": 0.0125518478506811,
  "trained_revealed_loss": 0.015945033892797462,
  "trained_beats_fine05": true,
  "trained_gap_vs_fine05_bp": 0.05506670859637547,
  "trained_revealed_improvement_vs_baseline_pct": 14.07778863501282,
  "trained_surrogate_rmse": 5.338073541411451e-08
}