policy,intercept,inflation_gap,output_gap,lagged_policy_rate_gap,fit_rmse
residual_u4_lr5e6,0.9952957721901823,-0.002703344975242699,0.001956329243289264,0.010239717174153734,5.338073541411451e-08
