policy,intercept,inflation_gap,output_gap,lagged_policy_rate_gap,fit_rmse
residual_init_only,0.9950017493978098,-0.0021007482164036324,0.002008625901436441,0.009996156974131294,8.902122201361462e-08
