policy,intercept,inflation_gap,output_gap,lagged_policy_rate_gap,fit_rmse
riccati_optimal,0.0,1.0891005070444726,1.0784387943807843,0.43405223835275225,0.0
empirical_taylor,0.2165731284960799,0.19317281148252752,0.2657685748665041,0.8691997672478173,0.0
linear_policy_search,0.0,1.1575903322849495,0.9236787036209643,0.37948352704961363,0.0
ppo_tuned,-0.052760092884302064,0.8288509536385533,0.9159254784435034,0.49269309893250485,0.09784046514240588
sac,-0.4065560153722765,1.2518696564733978,1.081824197977781,0.5048630777597427,0.4492181615336199
td3,-0.13353130969405172,1.3055375234037634,0.9935591498017309,0.3635622445344925,0.729432753787772
