policy,intercept,inflation_gap,output_gap,lagged_policy_rate_gap,fit_rmse,training_env,algo,seed,policy_parameterization
ppo_svar_revealed_direct,3.7607440448585354,-0.33602015480573055,0.17720426944059994,0.6133699482182594,0.27951428436550185,svar,ppo,43,linear_policy
sac_svar_revealed_direct,0.19523490321530615,0.06787414324657237,0.05097504340823328,0.9307229868470567,0.1639194898264361,svar,sac,43,standard_nonlinear
td3_svar_revealed_direct,-0.061684731828978906,-0.002512149777202488,-0.14878679504798806,0.9477881731460192,0.4033337789764964,svar,td3,43,standard_nonlinear
